{
  "best_params": {
    "n_estimators": 106,
    "learning_rate": 0.0172663928397392,
    "max_depth": 5,
    "min_child_weight": 1,
    "subsample": 0.876475904151119,
    "colsample_bytree": 0.9224716152901664,
    "reg_alpha": 0.0006744140961859359,
    "reg_lambda": 0.4499597877354195
  },
  "best_validation_score": 0.5851851851851851,
  "model_type": "XGBoost",
  "target": "home_team_wins"
}